{
  "user": [

    {
      "id": 1,
      "name": "carmen",
      "surname": "dueñas serna",
      "email": "carmenduenasserna@gmail.com",
      "password": "xlm123",
      "phone": 982399406,
      "dni": 10725572,
      "payment": [
        {
          "name": "CARMEN DUENAS",
          "type": "credit",
          "number": 1879446655776372,
          "exp": "12/27",
          "cvc": 134
        }
,
        {
          "name": "CARLOS DUENAS",
          "type": "credit",
          "number": 4757689457683921,
          "exp": "10/27",
          "cvc": 543

        }
      ],
      "facebook": false,
      "google": false
    },
    {
      "id": 2,
      "name": "roger",
      "surname": "martinez garcia",
      "email": "rogermg@gmail.com",
      "password": "abc789",
      "phone": 976456321,
      "dni": 89098789,
      "payment": [
        {
          "name": "ROGER MARTINEZ",
          "type": "credit",
          "number": 2345678645324356,
          "exp": "10/27",
          "cvc": 632
        }

      ],
      "facebook": false,
      "google": true
    },
    {
      "id": 3,
      "name": "Jose",
      "surname": "Calderon gutierrez",
      "email": "josecg@gmail.com",
      "password": "jcg123",
      "phone": 974567321,
      "dni": 456732123,
      "payment": [],
      "facebook": true,
      "google": false
    }


  ],
  "worker": [
    {
      "id": 1,
      "name": "Jorge",
      "surname": "rodriguez perez",
      "email": "jorgerp@gmail.com",
      "birthday": "13-03-2003",
      "gender": "M",
      "direction": "pueblo libre",
      "description": "hola, soy jorge y tengo un perrito. Tengo experiencia paseando mascotas  ",
      "preferences": {
        "animal": [
          "cat",
          "dog"
        ],
        "medicine": false,
        "animal_weight": [
          "0-5",
          "5-15"
        ]
      },
      "day": [
        "L",
        "Ma",
        "Mi",
        "Ju",
        "Vi"
      ]
    },
    {
    "id": 2,
    "name": "Xiomara",
    "surname": "caballero dulanto",
    "email": "xiomaracd@gmail.com",
    "birthday": "24-04-2003",
    "gender": "F",
    "direction": "pueblo libre",
    "description": " Tengo experiencia paseando mascotas",
    "preferences": {
      "animal": ["dog"],
      "medicine": true,
      "animal_weight": ["0-5","5-15","15-30"]
    },
    "day": ["Mi","Ju","Vi"]

    },
    {
      "id": 3,
      "name": "Juan",
      "surname": "arista jimenez",
      "email": "juanaj@gmail.com",
      "birthday": "3-09-2000",
      "gender": "M",
      "direction": "pueblo libre",
      "description": "Tengo experiencia paseando mascotas  ",
      "preferences": {
        "animal": ["cat","dog"],
        "medicine": true,
        "animal_weight": ["0-5"]
      },
      "day": ["L","Ma","Mi","Ju","Vi"]
    }

  ],
  "walker": [

  {
    "id": 1,
    "worker_id": 1,
    "price_per_service": 14


  },
    {
      "id": 2,
      "worker_id": 2,
      "price_per_service": 10
    }


  ],
  "trainer": [
    {
      "id": 1,
      "worker_id":2,
      "price_per_service": 20

    },

    {
      "id": 2,
      "worker_id": 3,
      "price_per_service": 25
    }


  ]
}
